<beans xmlns="http://www.springframework.org/schema/beans"
	xmlns:xsi="http://www.w3.org/2001/XMLSchema-instance"
	xsi:schemaLocation="http://www.springframework.org/schema/beans 
	http://www.springframework.org/schema/beans/spring-beans-2.5.xsd">
  
 
 <bean	id="HandlerMapping"  class="org.springframework.web.servlet.handler.BeanNameUrlHandlerMapping"/>
 
	
 <bean name="/welcome.html" class="ppj.assignments.configs.HelloController" />
 
 
 <bean id="viewResolver"
    	class="org.springframework.web.servlet.view.InternalResourceViewResolver" >
        <property name="prefix">
            <value>/WEB-INF/</value>
        </property>
        <property name="suffix">
            <value>.jsp</value>
        </property>
 </bean>
 

</beans>